price,timestamp,amount,type
2578.0,1515793324,0.877,1
2577.89,1515793325,0.1226,1
2590.56,1515793521,0.07575988999999901,0
2590.56,1515793521,0.07575988999999901,0
2590.56,1515793521,0.07575988999999901,0
2590.57,1515793521,0.5,0
2591.0,1515793522,1.0,0
2594.09,1515793522,1.6201,0
2596.45,1515793522,0.19792033,0
2596.44,1515793540,0.030394689999999003,0
2596.44,1515793540,0.030394689999999003,0
2596.44,1515793540,0.030394689999999003,0
2596.44,1515793540,0.030394689999999003,0
2596.44,1515793541,0.018261079999999,1
2596.45,1515793542,0.01016016,0
2590.56,1515793581,0.1,1
2590.55,1515793581,0.2,1
2586.94,1515793581,0.0883,1
2585.56,1515793582,0.3483,0
2585.85,1515793583,0.00248254,1
2581.75,1515793607,0.005842499999999,1
2596.17,1515793619,0.0019870299999990002,0
2596.17,1515793620,0.0019870299999990002,0
2596.18,1515793620,0.0019870299999990002,0
2596.25,1515793620,0.1,1
2596.45,1515793623,0.19602918999999902,0
2596.25,1515793651,0.042076259999999005,1
2596.25,1515793651,0.05196264999999901,1
2581.85,1515793652,0.09268065999999901,1
2595.28,1515793884,1.28137629,0
2595.26,1515793898,0.23990476999999902,0
2595.28,1515793898,0.34095990999999903,0
2595.28,1515793899,0.35878352,1
2595.28,1515793899,0.23930457999999902,1
2595.28,1515793900,0.23990094,1
2595.28,1515793900,0.09290329999999901,1
2595.28,1515793901,0.17683144,1
2583.3,1515793912,0.0033781,0
2584.04,1515794045,0.2,1
2582.78,1515794171,1.22048454,1
2582.78,1515794172,2.0,0
2582.78,1515794172,0.16610979,0
2589.93,1515794222,0.02,0
2589.93,1515794222,0.202,0
2589.91,1515794223,0.28868876999999904,0
2589.91,1515794283,0.07601024,0
2589.93,1515794300,0.1832868,0
2589.91,1515794328,0.005842499999999,0
2581.36,1515794362,0.36585884,1
2581.36,1515794362,0.1166219,1
2581.36,1515794363,0.9575192599999991,1
2589.67,1515794402,0.1,0
2589.74,1515794402,0.9939999999999991,0
2589.86,1515794403,1.405999999999999,1
2589.91,1515794423,0.10879007,0
2589.93,1515794423,0.00369,0
2590.0,1515794423,1.160776929999999,0
2590.0,1515794438,3.2999999999999996e-07,0
2590.0,1515794438,0.028889669999999004,0
2590.0,1515794441,0.05128957,0
2590.0,1515794443,0.8538207599999991,0
2590.0,1515794443,0.773,0
2590.0,1515794443,0.9759999999999991,0
2595.28,1515794531,0.063168559999999,0
2595.28,1515794532,0.9549999999999991,0
2596.25,1515794532,0.09403889999999901,0
2596.45,1515794532,1.10713189,0
2596.94,1515794536,1.17096766,0
2598.0,1515794537,1.0,0
2598.0,1515794537,0.043999999999999005,0
2599.0,1515794537,20.23312134,0
2599.0,1515794568,1.72770296,0
2582.22,1515794590,0.0058106399999990005,1
2582.72,1515794642,1.5121872299999999,1
2582.71,1515794643,0.1,1
2582.71,1515794643,2.0,1
2582.61,1515794643,2.980999999999999,1
2582.57,1515794643,0.023599999999999,1
2582.3,1515794643,4.0,1
2581.0,1515794643,0.22,1
2580.0,1515794643,0.07980557,0
2586.0,1515794646,0.22,0
2583.03,1515794706,0.005799369999999001,1
2595.91,1515794730,0.32227972999999904,0
2595.91,1515794730,1.4752171,0
2595.77,1515794744,0.25795244,0
2595.77,1515794745,0.029503689999999003,0
2595.61,1515794760,0.20646492999999902,0
2595.61,1515794761,0.02,1
2595.62,1515794762,0.20646492999999902,0
2595.63,1515794762,0.20646492999999902,0
2595.63,1515794762,0.217,0
2595.63,1515794762,0.20646492999999902,1
2598.99,1515794762,0.023599999999999,0
2599.0,1515794763,0.8380454,0
2599.0,1515794763,0.09608310999999901,0
2598.95,1515794768,0.04162267,0
2598.97,1515794770,0.04162267,0
2598.97,1515794770,0.04162267,0
2599.0,1515794770,0.033314749999999005,1
2599.0,1515794770,1.08877836,0
2598.83,1515794792,0.01004926,0
2598.84,1515794793,0.01004926,1
2598.62,1515794814,0.01004926,0
2598.62,1515794815,0.023134709999999,1
2598.63,1515794816,0.00334694,1
2598.63,1515794816,0.006,0
2587.64,1515794827,0.23225024999999902,1
2598.49,1515794829,0.00617776,0
2598.49,1515794830,0.08,1
2598.49,1515794830,0.59997871,1
2598.49,1515794830,0.59925492,1
2598.5,1515794831,0.24545896,0
2598.62,1515794831,0.01298,0
2599.0,1515794831,2.30116968,0
2598.94,1515794872,0.033086379999999,0
2598.94,1515794873,0.033086379999999,1
2598.95,1515794874,0.033086379999999,0
2598.99,1515794874,0.033086379999999,0
2598.99,1515794874,0.019878239999999003,1
2599.0,1515794874,7.537268179999999,0
2588.16,1515794897,0.0057846499999990005,1
2598.98,1515794943,0.0027024,0
2598.99,1515794943,0.92060313,0
2598.99,1515794943,0.03339687,0
2599.0,1515794944,0.02100225,0
2598.99,1515794954,0.002163,0
2598.99,1515794954,0.002163,0
2598.99,1515794954,0.002163,0
2598.99,1515794955,0.002163,0
2598.99,1515794955,0.002163,0
2599.0,1515794988,0.009355999999999,0
2598.99,1515795025,0.00578132,1
2599.0,1515795053,0.003324,0
2599.0,1515795054,2.206306269999999,0
2598.99,1515795057,0.32423042,1
2598.99,1515795071,0.5,1
2599.0,1515795072,0.02,0
2599.0,1515795086,1.0,0
2598.99,1515795090,4.29585212,1
2593.98,1515795092,0.7041478799999991,1
2593.98,1515795147,0.00577582,1
2593.98,1515795181,0.00235644,1
2599.0,1515795182,1.923820759999999,0
2599.0,1515795194,0.9940216899999991,0
2599.0,1515795194,0.008,0
2600.0,1515795229,0.77,0
2600.0,1515795229,0.1,0
2601.0,1515795230,0.9899999999999991,0
2601.0,1515795232,0.01,0
2604.06,1515795234,0.009615379999999,0
2599.27,1515795247,0.0235,1
2599.26,1515795247,0.12411000000000001,1
2604.1,1515795251,0.01,1
2599.53,1515795255,0.31470524999999905,1
2608.34,1515795363,0.01482174,0
2608.34,1515795363,0.03549825,0
2608.14,1515795384,0.12995244,0
2608.14,1515795384,2.924999999999999,0
2608.15,1515795384,0.0462368,0
2608.16,1515795384,0.0462368,0
2608.26,1515795385,0.0462368,0
2608.3,1515795385,0.0118633,0
2609.0,1515795385,1.59501251,1
2609.0,1515795385,0.02,1
2609.0,1515795386,0.17946134999999902,1
2609.71,1515795409,0.016182169999999,0
2609.72,1515795409,0.016182169999999,0
2609.72,1515795409,0.016182169999999,0
2609.72,1515795409,0.016182169999999,0
2609.73,1515795409,2.0,0
2609.73,1515795410,0.0235,0
2610.0,1515795411,0.31962670999999904,1
2610.0,1515795411,0.107183,1
2610.0,1515795413,2.377778999999999,1
2610.0,1515795425,0.10718261,1
2607.01,1515795472,0.11,1
2607.0,1515795473,0.14,1
2607.0,1515795504,0.025919999999999003,1
2607.0,1515795545,0.006409999999999001,1
2607.0,1515795562,0.15767,1
2601.0,1515795563,5.0,1
2580.06,1515795563,4.842329999999999,0
2597.2,1515795583,3.222039999999999,1
2597.2,1515795584,0.34976913999999903,0
2597.2,1515795584,2.587401809999999,0
2597.19,1515795585,3.84078905,1
2606.91,1515795585,0.1,0
2606.92,1515795586,0.003262269999999,0
2606.92,1515795586,0.003262269999999,0
2606.94,1515795586,0.003262269999999,0
2607.0,1515795587,0.500099999999999,0
2612.0,1515795603,0.14,0
2612.0,1515795603,0.025919999999999003,0
2612.0,1515795607,0.006409999999999001,0
2612.0,1515795607,0.15767,0
2597.41,1515795613,1.51722548,1
2597.41,1515795614,20.598,0
2597.41,1515795614,7.884774519999999,0
2597.69,1515795666,0.25,1
2611.42,1515795679,0.085824049999999,0
2611.42,1515795679,0.22920223,1
2611.43,1515795681,3.819999999999999e-06,1
2597.76,1515795683,0.14999618,0
2599.99,1515795703,0.068693509999999,0
2600.0,1515795703,0.43140648999999903,0
2599.99,1515795705,0.068693509999999,0
2600.0,1515795705,0.068693509999999,0
2605.0,1515795705,0.43140297999999905,0
2605.0,1515795705,0.06869701999999901,0
2609.99,1515795705,1.516531829999999,0
2610.0,1515795705,0.10595003,0
2610.0,1515795706,0.13739,0
2609.99,1515795708,0.05498223,0
2610.0,1515795708,0.17043776999999902,0
2609.99,1515795709,0.04127095,0
2610.0,1515795709,0.15109905,0
2609.99,1515795712,0.04127095,0
2610.0,1515795712,0.04126905,0
2610.0,1515795718,4.129999999999999e-06,0
2611.42,1515795718,0.07140678999999901,0
2612.8,1515795718,0.005,0
2614.31,1515795719,0.42358908,1
2612.58,1515795727,0.10250217,0
2614.31,1515795729,9.199999999999999e-07,0
2614.91,1515795729,0.030405049999999004,0
2614.91,1515795729,0.01009814,0
2614.99,1515795729,0.01382102,1
2615.0,1515795729,0.09317269999999901,0
2615.0,1515795733,0.1068273,0
2615.0,1515795733,0.5002999999999991,0
2615.0,1515795744,0.14484277,1
2615.0,1515795744,0.09959226,1
2616.47,1515795748,0.01106233,0
2616.47,1515795748,0.01106233,0
2616.47,1515795748,0.01106233,0
2616.47,1515795748,0.01106233,0
2616.47,1515795748,0.01106233,1
2616.48,1515795749,0.44468835,0
2616.48,1515795848,0.055311649999999005,0
2616.48,1515795849,0.008,0
2620.0,1515795850,0.24214825,0
2619.99,1515795857,1.75344944,0
2615.0,1515795861,0.8891999999999991,1
2615.0,1515795862,0.256257,1
2615.0,1515795863,0.20912724999999902,1
2615.0,1515795868,0.546552,1
2615.0,1515795869,2.104696999999999,1
2615.0,1515795869,0.03654923,1
2615.0,1515795869,0.04088000000000001,1
2615.0,1515795872,0.405389,1
2615.01,1515795873,0.427914,1
2618.34,1515795994,0.24225273,0
2611.61,1515796086,0.1,1
2607.5,1515796088,0.0234,1
2600.77,1515796088,0.004,1
2600.63,1515796088,0.19865004999999902,0
2600.63,1515796088,1.67284249,0
2617.21,1515796090,0.25,0
2611.59,1515796114,0.1,0
2611.59,1515796114,0.04315,0
2611.59,1515796116,0.468835,0
2601.45,1515796277,1.091087689999999,1
2601.44,1515796277,1.90891231,1
2607.0,1515796287,2.0,1
2607.01,1515796304,0.1,1
2605.0,1515796312,1.0,1
2603.0,1515796312,1.0,1
2603.0,1515796312,0.7119999999999991,1
2603.0,1515796314,0.1,1
2603.01,1515796317,1.073004,1
2603.01,1515796321,0.926996,1
2603.0,1515796323,0.188,1
2601.44,1515796323,0.36412899999999904,1
2603.0,1515796331,0.043889999999999006,1
2603.01,1515796331,0.18527771,1
2603.01,1515796332,0.19846728999999902,1
2603.03,1515796335,0.18527627999999902,1
2603.02,1515796335,0.14898272,1
2603.02,1515796335,0.036294269999999004,1
2603.0,1515796335,1.712748729999999,1
2603.0,1515796338,0.24336126999999902,1
2601.44,1515796338,0.29695869,1
2601.0,1515796338,0.041378039999999006,1
2601.02,1515796341,0.237536,1
2601.04,1515796342,0.14844789999999902,1
2601.03,1515796342,0.14844847,1
2601.04,1515796344,0.14844789999999902,1
2601.03,1515796344,4.514417319999999,1
2601.02,1515796344,3.369238779999999,1
2601.11,1515796354,0.1,1
2601.16,1515796363,0.11219757,1
2601.16,1515796363,0.88780243,1
2601.16,1515796366,0.14019756999999902,1
2601.0,1515796366,1.24480243,1
2601.0,1515796373,0.7138195299999991,1
2600.61,1515796374,0.004,1
2600.0,1515796374,1.0001,1
2600.0,1515796374,0.48838673999999904,1
2600.0,1515796384,4.381,1
2606.93,1515796387,0.88384105,0
2600.0,1515796404,0.069944,1
2601.0,1515796406,1.246529999999999,1
2601.0,1515796408,0.7534699999999991,1
2600.0,1515796408,0.06066926,1
2598.02,1515796408,0.18181974,1
2600.01,1515796428,2.0,1
2601.0,1515796452,2.0,1
2600.0,1515796452,2.0,1
2600.0,1515796453,0.32769751,0
2597.01,1515796599,0.7049776899999991,1
2597.01,1515796609,0.65964999,0
2597.0,1515796614,0.0234,1
2597.01,1515796629,0.03574,0
2597.0,1515796664,0.26602554,1
2597.0,1515796665,1.710574459999999,1
2597.01,1515796793,0.59963232,0
2597.01,1515796793,0.9469999999999991,0
2597.01,1515796793,0.47199999999999903,0
2597.01,1515796793,0.9689999999999991,0
2596.02,1515796800,0.01,1
2596.0,1515796800,0.825551,1
2596.01,1515796804,0.0235,1
2596.0,1515796804,0.0585,1
2596.0,1515796806,0.23999999999999902,1
2596.0,1515796806,0.17999999999999902,1
2596.02,1515796808,0.037095999999999005,1
2596.02,1515796810,0.07551183999999901,1
2596.01,1515796810,0.11260816,1
2596.01,1515796811,1.199999999999999e-07,1
2596.0,1515796811,0.09187987999999901,1
2604.91,1515796846,1.327531969999999,0
2604.89,1515796846,0.3260246,0
2604.87,1515796848,1.19609378,0
2604.87,1515796848,0.0865992,0
2604.86,1515796849,1.99973278,0
2604.85,1515796851,0.9999999800000001,0
2596.21,1515796856,0.059999999999999006,1
2596.01,1515796874,0.059999999999999006,0
2596.01,1515796888,1.466360179999999,1
2596.0,1515796888,0.37611781999999905,1
2596.0,1515796921,0.22795099999999902,1
2596.0,1515796937,2.999999999999999e-07,1
2593.0,1515796937,0.29914869999999905,1
2603.97,1515796941,1.085012499999999,0
2593.01,1515796994,0.15386922,1
2593.0,1515796997,0.36834747,1
2593.0,1515796999,0.26985598999999905,1
2593.0,1515796999,0.062747839999999,1
2590.57,1515796999,0.33720231,1
2590.57,1515797004,0.16279768999999902,1
2590.22,1515797004,1.43700315,1
2586.01,1515797076,0.9378450699999991,1
2586.0,1515797076,1.0002,1
2585.01,1515797078,2.0,1
2584.96,1515797081,0.097155,1
2584.22,1515797096,0.006,1
2584.22,1515797096,1.036,1
2582.22,1515797096,1.008999999999999,1
2580.22,1515797096,1.012,1
2579.96,1515797101,0.21599251999999902,0
2579.96,1515797101,0.12140748,0
2579.94,1515797103,0.21599251999999902,0
2579.94,1515797103,1.43350802,0
2579.95,1515797103,0.35049945999999904,0
2579.93,1515797104,0.17288023999999902,0
2579.93,1515797104,0.19656984,0
2579.92,1515797105,0.17288023999999902,0
2579.92,1515797105,0.32711975999999904,0
2579.91,1515797106,0.029999999999999003,0
2579.87,1515797111,0.05476587,0
2579.87,1515797111,0.015214129999999002,0
2579.81,1515797120,0.02,0
2579.76,1515797126,0.9456200599999991,0
2579.77,1515797126,0.03984254,0
2579.77,1515797126,0.7802244,0
2579.75,1515797127,0.03984254,0
2579.75,1515797127,0.06551046,0
2579.75,1515797127,0.26051,0
2579.74,1515797129,0.02393734,0
2579.74,1515797129,0.02606266,0
2579.74,1515797129,0.07612199999999901,0
2579.65,1515797143,0.01915942,0
2579.65,1515797143,0.515670049999999,0
2579.66,1515797143,0.01915942,0
2579.66,1515797143,0.515670049999999,0
2579.67,1515797143,0.01915942,0
2579.67,1515797143,0.515670049999999,0
2579.68,1515797144,0.01915942,0
2579.68,1515797144,0.37635216999999904,0
2579.64,1515797144,0.01915942,0
2579.64,1515797144,0.515670049999999,0
2579.65,1515797146,0.9669999999999991,1
2579.69,1515797146,0.0235,0
2590.0,1515797146,0.4,0
2602.73,1515797146,1.53289348,1
2602.73,1515797146,0.02883724,1
2602.73,1515797146,6.895201039999999,1
2579.93,1515797335,1.54512376,1
2579.92,1515797335,0.023599999999999,1
2579.86,1515797336,2.0,1
2579.0,1515797338,1.0003,1
2577.86,1515797343,1.014,1
2575.87,1515797344,4.59818323,0
2575.87,1515797344,0.14977515,0
2574.88,1515797344,2.0,1
2574.88,1515797344,0.008999999999999,1
2572.0,1515797344,1.0003,1
2570.0,1515797344,1.181819659999999,1
2569.65,1515797345,0.14983215,0
2569.65,1515797345,0.35220981,0
2575.87,1515797348,0.029347999999999003,1
2575.87,1515797354,0.038859999999999006,0
2575.87,1515797362,0.9051399999999991,0
2575.87,1515797363,0.09486000000000001,0
2575.87,1515797365,0.40014000000000005,0
2596.96,1515797408,0.030206520000000004,0
2595.58,1515797473,1.23751059,0
2581.86,1515797714,0.084349779999999,0
2581.86,1515797714,0.27555022,0
2581.68,1515797735,0.0675135,0
2581.68,1515797735,0.4324865,0
2570.11,1515797736,1.085,1
2579.81,1515797767,0.01011166,0
2582.05,1515797807,0.1,0
2582.06,1515797807,0.023599999999999,0
2584.99,1515797807,0.3764,0
2574.93,1515797824,0.12680872,1
2574.92,1515797824,1.28e-06,1
2574.92,1515797824,0.12680793,1
2574.91,1515797825,3.069999999999999e-06,1
2574.91,1515797825,0.12680663,1
2574.91,1515797825,0.10000336999999901,0
2574.94,1515797825,0.02680486,1
2574.89,1515797825,0.1,0
2574.89,1515797827,4.139999999999999e-06,0
2574.89,1515797827,0.126809,0
2574.94,1515797827,0.12680822999999902,1
2570.09,1515797868,0.09870383,1
2570.08,1515797868,0.09870421000000001,1
2570.07,1515797868,0.0987046,1
2570.11,1515797870,0.09870299999999901,1
2571.01,1515798026,0.188169,1
2571.0,1515798028,0.7670129999999991,1
2580.99,1515798034,0.31908659,0
2580.99,1515798034,0.08931340999999901,0
2571.0,1515798041,2.30737061,1
2569.0,1515798041,0.82162939,1
2567.07,1515798061,0.0238,1
2567.07,1515798061,0.9761999999999991,1
2567.07,1515798061,1.0238,1
2567.06,1515798065,2.0,0
2565.02,1515798065,0.09571917,1
2565.01,1515798065,0.09571954,1
2565.04,1515798067,0.09571841999999901,1
2565.03,1515798067,0.0957188,1
2565.01,1515798069,0.11305584,1
2565.0,1515798069,1.0004,1
2564.94,1515798069,0.004,1
2565.03,1515798071,1.046,1
2564.93,1515798071,0.5,1
2564.51,1515798074,0.23766799999999902,1
2566.92,1515798100,0.02,0
2566.92,1515798100,5.512000000000001e-05,0
2566.87,1515798105,1.105171069999999,0
2566.87,1515798105,0.08,0
2566.88,1515798107,1.42724506,0
2566.87,1515798108,0.5,0
2564.59,1515798172,0.1,1
2564.55,1515798173,1.560677319999999,1
2564.54,1515798173,0.511363679999999,1
2564.5,1515798185,0.1,1
2564.5,1515798188,0.5898379999999991,1
2575.22,1515798189,0.5,0
2564.51,1515798191,0.388409,1
2564.51,1515798195,0.11417912000000001,1
2564.5,1515798195,1.310162,1
2562.6,1515798195,0.5756588799999991,1
2562.6,1515798209,1.050999999999999,1
2561.01,1515798211,0.008999999999999,1
2558.73,1515798215,0.500249,1
2573.72,1515798312,0.25044293,0
2558.74,1515798317,0.25174412,1
2558.73,1515798317,0.42975782,1
2558.73,1515798319,0.007,1
2558.0,1515798319,1.0004,1
2572.92,1515798377,0.2836495,0
2572.92,1515798377,0.25730007999999904,0
2572.35,1515798424,0.22703282999999902,0
2572.35,1515798424,0.7191354899999991,0
2572.35,1515798424,0.05383168,0
2572.22,1515798435,0.229,0
2552.27,1515798526,0.07727085,1
2571.19,1515798527,0.00356506,0
2571.14,1515798532,0.1,0
2571.12,1515798534,0.1,0
2571.1,1515798537,0.1,0
2571.07,1515798539,0.1,0
2571.05,1515798541,0.1,0
2571.04,1515798543,0.1,0
2571.02,1515798544,0.1,0
2571.0,1515798547,0.1,0
2570.99,1515798549,0.1,0
2570.94,1515798553,0.1,0
2570.93,1515798555,0.06124483,0
2570.93,1515798555,0.038755169999999006,0
2570.91,1515798557,0.049020309999999005,0
2570.91,1515798557,0.05097969,0
2570.89,1515798559,0.1,0
2570.88,1515798561,0.039235819999999005,0
2570.88,1515798561,0.06076418000000001,1
2570.86,1515798563,0.039235819999999005,0
2570.86,1515798563,0.06076418000000001,0
2570.84,1515798564,0.1,0
2570.8,1515798567,0.1,0
2570.77,1515798571,0.02357282,0
2570.77,1515798571,0.07642717999999901,0
2570.76,1515798572,0.01886766,0
2570.76,1515798572,0.08113233999999901,0
2570.74,1515798574,0.01886766,0
2570.74,1515798574,0.08113233999999901,0
2570.71,1515798576,0.015101659999999002,0
2570.71,1515798576,0.08489834,0
2570.69,1515798579,0.011335659999999002,0
2570.69,1515798579,0.08866433999999901,0
2570.68,1515798581,0.011335659999999002,0
2570.68,1515798581,0.08866433999999901,0
2570.67,1515798584,0.1,1
2570.66,1515798586,0.1,0
2570.62,1515798590,0.1,0
2570.6,1515798592,0.1,0
2570.57,1515798594,0.1,0
2570.54,1515798596,0.1,0
2554.52,1515798599,0.25,1
2570.44,1515798605,0.0037961499999990002,0
2570.44,1515798605,0.09620384999999901,0
2570.4,1515798607,0.00303843,0
2570.41,1515798607,0.09696156999999901,0
2570.39,1515798609,0.00303843,0
2570.39,1515798609,0.09696156999999901,0
2570.35,1515798611,0.1,0
2570.33,1515798613,0.1,0
2570.31,1515798614,0.1,0
2570.29,1515798616,0.1,0
2570.27,1515798618,0.1,0
2570.24,1515798620,0.1,0
2570.2,1515798623,0.1,0
2570.17,1515798625,0.1,0
2570.14,1515798628,0.1,0
2570.12,1515798630,0.09117105999999901,1
2570.12,1515798630,0.00882894,1
2570.09,1515798633,0.1,1
2570.08,1515798635,0.1,0
2570.06,1515798637,0.1,0
2570.04,1515798639,0.1,0
2570.02,1515798641,0.1,0
2570.01,1515798642,0.1,0
2569.99,1515798645,0.1,0
2569.98,1515798647,0.1,0
2569.96,1515798649,0.1,0
2569.95,1515798650,0.1,0
2569.94,1515798652,0.1,0
2569.93,1515798654,0.1,0
2569.95,1515798656,0.0238,0
2570.12,1515798658,0.1,0
2570.12,1515798658,0.0762,1
2570.11,1515798660,0.032435289999999,0
2570.11,1515798661,0.06756471,1
2570.13,1515798663,0.1,0
2570.13,1515798665,0.1,0
2570.12,1515798667,0.04703144,0
2570.14,1515798668,0.052968559999999006,0
2570.13,1515798669,0.027071359999999003,0
2570.13,1515798669,0.027071359999999003,1
2570.14,1515798671,0.04585728,0
2570.14,1515798671,0.1,0
2570.13,1515798672,0.006876919999999001,0
2570.14,1515798673,0.9829938200000001,0
2570.14,1515798674,0.006876919999999001,1
2584.37,1515798674,0.09312307999999901,1
2584.36,1515798674,0.1,0
2572.33,1515798680,0.6713565599999991,1
2572.34,1515798680,0.152066,1
2572.34,1515798680,0.42210814,1
2572.34,1515798681,0.2,1
2572.33,1515798681,0.32864344,1
2572.33,1515798682,0.1,0
2570.16,1515798703,1.012402999999999,1
2566.39,1515798762,0.013944,1
2566.35,1515798762,0.23959333999999902,0
2566.35,1515798765,0.11661686,1
2564.41,1515798767,0.023699999999999003,1
2564.4,1515798768,0.2397802,1
2562.36,1515798768,0.22402235,1
2567.51,1515798946,0.029999999999999003,0
2567.42,1515798955,0.029999999999999003,0
2567.4,1515798965,0.029999999999999003,0
2567.38,1515798970,0.1,0
2567.39,1515798970,0.023699999999999003,0
2572.29,1515798975,0.13824502,0
2572.3,1515798975,0.13824502,0
2572.3,1515798975,0.22350996,0
2567.4,1515798978,0.81164252,1
2567.4,1515798978,0.08530409999999901,1
2572.0,1515799017,0.08305738999999901,0
2572.0,1515799017,0.004131639999999001,0
2571.97,1515799021,0.038921999999999006,0
2570.45,1515799032,0.058710209999999007,0
2570.45,1515799032,0.003306959999999,0
2570.45,1515799032,0.03798283,0
2570.46,1515799034,0.1,0
2570.46,1515799035,0.1,0
2570.46,1515799038,0.1,0
2570.46,1515799040,0.1,0
2570.46,1515799045,0.029999999999999003,0
2570.46,1515799055,0.029999999999999003,0
2570.46,1515799059,0.51,0
2572.33,1515799065,0.029999999999999003,0
2572.31,1515799085,0.029999999999999003,0
2572.1,1515799142,0.0469916,1
2572.1,1515799142,0.2124084,1
2572.08,1515799166,0.1,0
2572.33,1515799168,0.01278026,0
2577.4,1515799170,0.037612039999999,0
2577.41,1515799170,0.08721974,0
2577.4,1515799170,0.002646889999999,1
2577.4,1515799171,0.05974107,1
2577.39,1515799173,0.1,0
2556.58,1515799195,3.0,1
2583.7,1515799248,0.231,0
2583.7,1515799248,0.069007739999999,0
2583.71,1515799274,0.1,0
2583.71,1515799276,0.1,0
2583.7,1515799284,0.1,0
2583.68,1515799286,0.1,0
2583.71,1515799288,0.1,0
2583.7,1515799290,0.1,0
2583.71,1515799292,0.1,0
2583.68,1515799294,0.1,0
2583.68,1515799297,0.1,0
2583.71,1515799299,0.1,0
2583.7,1515799301,0.1,0
2583.7,1515799303,0.1,0
2583.71,1515799305,0.1,0
2583.71,1515799307,0.1,0
2583.71,1515799309,0.1,0
2583.71,1515799311,0.1,0
2583.71,1515799314,0.1,0
2583.71,1515799316,0.1,0
2583.71,1515799318,0.1,0
2583.71,1515799320,0.1,0
2583.71,1515799322,0.1,0
2578.19,1515799324,0.15048955999999902,1
2578.19,1515799324,0.16,1
2578.18,1515799324,0.15049014999999902,1
2578.16,1515799324,0.1,0
2578.15,1515799327,0.1,0
2578.16,1515799328,0.1,0
2578.16,1515799330,0.1,0
2578.16,1515799332,0.1,0
2578.14,1515799333,0.054141,0
2578.16,1515799334,0.1,0
2578.16,1515799334,0.03862029,0
2578.16,1515799334,0.015521709999999002,0
2578.16,1515799339,0.1,0
2578.16,1515799340,0.1,0
2578.16,1515799342,0.1,0
2578.16,1515799344,0.1,0
2578.16,1515799347,0.1,0
2578.16,1515799349,0.1,0
2578.16,1515799352,0.1,0
2578.16,1515799353,0.1,0
2578.16,1515799356,0.1,0
2578.16,1515799358,0.08047828999999901,0
2578.16,1515799358,0.01952171,0
2578.16,1515799359,0.1,0
2578.16,1515799362,0.1,0
2578.16,1515799364,0.1,0
2578.16,1515799365,0.1,0
2578.16,1515799367,0.1,0
2578.16,1515799369,0.1,0
2578.16,1515799370,0.1,0
2578.16,1515799372,0.1,0
2578.16,1515799374,0.05647829,0
2578.16,1515799374,0.043521709999999006,0
2578.16,1515799374,0.15647828999999902,0
2584.97,1515799374,0.049336169999999006,0
2584.98,1515799377,0.006,0
2584.98,1515799378,0.04334982999999901,1
2584.98,1515799378,0.00211857,1
2584.99,1515799379,0.0485316,0
2584.99,1515799379,0.1,0
2584.99,1515799381,0.1,0
2584.99,1515799383,0.1,0
2584.98,1515799385,0.1,0
2584.98,1515799387,0.1,0
2584.98,1515799456,0.023974209999999004,0
2584.99,1515799458,0.07602578999999901,0
2585.0,1515799459,0.1,0
2585.0,1515799461,0.1,0
2578.17,1515799481,0.19384999999999902,1
2584.98,1515799486,0.034697169999999,0
2584.99,1515799487,0.35090993999999903,0
2585.0,1515799487,19.8,0
2585.23,1515799487,2.0,0
2590.0,1515799487,7.814392889999999,0
2589.69,1515799524,3.059,0
2589.7,1515799524,2.0,0
2589.7,1515799524,2.0,0
2589.74,1515799524,0.9439999999999991,0
2590.0,1515799524,2.185607109999999,0
2590.0,1515799525,1.03,1
2590.0,1515799525,4.163,1
2590.0,1515799527,1.922264999999999,1
2590.0,1515799527,2.152279,1
2590.0,1515799528,2.99562,1
2590.01,1515799529,0.023599999999999,1
2590.0,1515799529,1.56920122,1
2590.57,1515799544,0.1,0
2590.52,1515799587,3.689999999999999,0
2590.57,1515799587,0.4,0
2590.57,1515799588,0.005,0
2594.21,1515799588,2.0,0
2599.57,1515799588,2.0,0
2600.0,1515799588,0.5,0
2600.0,1515799588,2.0,1
2600.0,1515799589,0.714936,1
2600.0,1515799589,2.353,1
2600.0,1515799590,2.351999999999999,1
2600.0,1515799591,2.0,1
2600.0,1515799591,0.714559,1
2600.0,1515799591,1.000000999999999,1
2600.0,1515799591,0.26286799999999905,1
2600.0,1515799591,0.17199999999999901,1
2600.0,1515799592,0.404131,1
2600.0,1515799592,1.2,1
2600.0,1515799592,10.0,1
2600.0,1515799592,0.809957,1
2600.0,1515799592,1.804,1
2600.0,1515799592,0.133,1
2600.0,1515799592,0.48454799999999904,1
2599.36,1515799663,0.027771589999999003,0
2599.36,1515799663,0.027771589999999003,0
2599.37,1515799663,0.027771589999999003,0
2599.37,1515799664,0.6166852299999991,0
2599.14,1515799747,0.01114189,0
2599.14,1515799747,0.01114189,0
2599.14,1515799748,0.01114189,0
2599.14,1515799748,0.01114189,0
2599.14,1515799748,0.35320652,0
2599.07,1515799774,0.023599999999999,0
2599.08,1515799774,0.00224617,0
2599.08,1515799774,0.00224617,0
2599.08,1515799774,0.00224617,0
2599.08,1515799774,0.00224617,0
2599.09,1515799774,0.29741531999999904,0
2578.82,1515799985,0.1,1
2577.53,1515800134,0.023599999999999,1
2577.53,1515800134,0.36808099999999905,1
2594.1,1515800396,0.1,1
2578.29,1515800407,0.0126015,1
2594.14,1515800473,0.023599999999999,0
2594.14,1515800475,0.03083873,0
2580.41,1515800495,0.19450872999999902,1
2580.41,1515800495,1.195611009999999,1
2580.4,1515800495,0.19450949,1
2580.4,1515800495,0.41537077,1
2595.54,1515800610,0.0024627799999990003,0
2595.54,1515800621,0.1,0
2595.5,1515800625,0.1,0
2595.5,1515800628,0.1,0
2595.5,1515800630,0.1,0
2595.54,1515800633,0.1,0
2595.54,1515800635,0.1,0
2595.54,1515800721,0.5,0
2590.34,1515800748,0.09823284,1
2590.34,1515800748,0.1,1
2590.34,1515800748,0.09823245999999901,0
2590.34,1515800749,0.09823284,0
2590.33,1515800750,0.09823321999999901,1
2590.32,1515800750,0.0982336,1
2590.02,1515800750,1.342272249999999,1
2590.34,1515800778,0.11,0
2590.34,1515800806,0.51036229,0
2590.34,1515800807,0.37163771,0
2590.34,1515800807,0.913,0
2590.34,1515800807,0.6358902899999991,0
2590.34,1515800807,0.32710971,0
2590.34,1515800807,0.308,0
2595.55,1515800807,1.0,0
2606.15,1515800807,0.006855,0
2609.88,1515800808,1.35378102,0
2589.08,1515800812,0.19374000000000002,1
2590.23,1515800899,0.03653091,1
2608.34,1515800944,0.02,0
2608.34,1515800944,0.9799999999999991,0
2590.94,1515800987,0.7074,1
2590.95,1515800993,0.0235,1
2586.97,1515800994,0.15832372,1
2586.96,1515800994,0.19779137999999902,1
2590.96,1515800996,0.039468999999999005,1
2586.98,1515801001,0.121448,1
2589.17,1515801247,1.03596698,0
2589.17,1515801248,0.77624877,0
2589.16,1515801249,0.08,0
2593.08,1515801557,1.20766964,0
2593.1,1515801558,0.0235,0
2597.62,1515801659,0.35223651,0
2597.62,1515801659,0.6047634899999991,0
2597.62,1515801659,0.924,0
2597.62,1515801659,0.09788690999999901,0
2597.05,1515801745,0.221399,0
2597.06,1515801745,0.221399,0
2597.07,1515801745,0.221399,0
2597.04,1515801746,0.184748,0
2597.03,1515801751,0.05194889999999901,0
2597.04,1515801751,0.8389999999999991,0
2597.04,1515801751,0.9859999999999991,0
2597.07,1515801751,0.05194889999999901,1
2597.4,1515801785,0.005,0
2597.99,1515801793,0.031210809999999003,0
2597.99,1515801793,0.031210809999999003,0
2597.99,1515801793,0.031210809999999003,0
2597.99,1515801793,0.031210809999999003,0
2597.99,1515801793,0.031210809999999003,0
2598.0,1515801793,0.1,0
2598.69,1515801851,0.1,1
2595.25,1515801923,0.282486,1
2595.26,1515801925,0.0235,1
2595.25,1515801925,0.362005,0
2595.25,1515801942,0.9180033300000001,1
2595.24,1515801942,0.64164167,1
2609.19,1515801943,0.1,0
2609.19,1515801943,0.471102,0
2593.26,1515801946,0.1,1
2593.25,1515801946,0.650352,1
2590.21,1515801957,2.0,1
2590.08,1515801960,0.18099999999999902,1
2590.08,1515801962,1.819,1
2589.27,1515801962,1.776999999999999,1
2588.08,1515801963,0.044681619999999006,1
2586.26,1515802007,0.0025519499999990002,1
2584.96,1515802007,0.7637820499999991,1
2584.96,1515802011,1.236217949999999,1
2584.73,1515802011,2.0,1
2584.68,1515802011,2.0,1
2584.65,1515802014,2.0,1
2584.64,1515802014,2.769682,1
2604.87,1515802027,0.0025519499999990002,0
2604.87,1515802027,0.7993299999999991,1
2604.87,1515802028,1.56231692,1
2604.87,1515802028,0.1,1
2604.87,1515802028,1.56873215,1
2605.27,1515802029,1.02116479,1
2584.65,1515802029,0.05,1
2584.92,1515802032,0.1,1
2584.92,1515802035,0.285594,1
2584.67,1515802041,0.072898,1
2584.66,1515802054,0.7095,1
2584.68,1515802061,0.47796145,1
2584.67,1515802061,0.27439154999999904,1
2584.87,1515802083,0.44160737999999905,1
2584.86,1515802083,0.44160908999999904,1
2584.85,1515802083,0.11678353,1
2584.65,1515802091,0.386711,1
2584.66,1515802096,0.06922011999999901,1
2584.65,1515802096,1.00557188,1
2584.64,1515802163,0.47999999999999904,1
2602.79,1515802203,0.19391882999999902,0
2584.66,1515802248,0.19514661,1
2584.64,1515802248,2.662550389999999,1
2584.64,1515802265,0.4812,1
2601.27,1515802325,1.52249816,0
2584.65,1515802357,0.043152,1
2584.65,1515802370,1.48804131,1
2584.64,1515802370,0.8541156899999991,1
2584.64,1515802376,0.19839499999999902,1
2584.64,1515802383,0.105296,1
2584.64,1515802488,0.18677558,1
2598.53,1515802510,0.02,0
2598.53,1515802510,1.50249948,0
2571.66,1515802680,1.637917679999999,1
2571.66,1515802680,1.041082319999999,1
2570.03,1515802812,0.01,1
2570.0,1515802812,1.968585999999999,1
2570.0,1515802836,0.39704299999999904,1
2574.37,1515802891,0.34983335999999904,0
2574.38,1515802891,0.32125764,0
2574.38,1515802892,0.028575719999999003,0
2574.39,1515802892,0.34983335999999904,0
2574.4,1515802892,0.34983335999999904,0
2574.39,1515802893,0.9549999999999991,0
2574.39,1515802893,0.922,0
2574.41,1515802893,0.0235,0
2574.42,1515802894,0.07052529,1
2576.32,1515802901,0.05644837999999901,0
2576.35,1515802901,0.05644837999999901,0
2576.36,1515802901,0.05644837999999901,0
2576.36,1515802901,0.24099999999999902,0
2576.36,1515802901,0.27986386,0
2574.61,1515803000,0.4,1
2575.0,1515803036,9.199697,1
2575.0,1515803041,0.014917,1
2575.0,1515803113,0.1,1
2575.0,1515803145,0.771263,1
2575.0,1515803145,1.098746,1
2575.0,1515803146,0.8524176,1
2573.38,1515803320,0.02264696,0
2573.39,1515803320,0.09239804,1
2573.37,1515803321,1.49143724,0
2573.38,1515803321,0.02264696,0
2573.4,1515803321,0.02264696,0
2573.42,1515803321,0.02264684,0
2577.46,1515803346,0.08,0
2577.47,1515803346,0.0045655799999990004,0
2577.47,1515803347,0.0045655799999990004,0
2577.49,1515803347,0.0045655799999990004,0
2577.49,1515803347,0.0045655799999990004,0
2577.51,1515803347,0.0045655799999990004,0
2577.99,1515803347,0.3071721,0
2577.99,1515803348,0.08,0
2577.99,1515803348,0.07999199999999901,0
2578.16,1515803435,0.1,0
2577.46,1515803437,0.07996000999999901,1
2572.84,1515803439,0.02003999,1
2573.01,1515803474,0.1,1
2573.01,1515803477,0.05,1
2572.99,1515803479,0.008,1
2572.83,1515803479,0.05,1
2572.83,1515803481,0.09199999999999901,1
2572.83,1515803484,0.1,1
2572.83,1515803485,0.1,1
2572.83,1515803488,0.1,1
2572.83,1515803493,0.1,1
2572.83,1515803505,0.05,1
2578.98,1515803534,0.1,0
2578.98,1515803534,0.14999999999999902,0
2578.98,1515803540,0.1,0
2582.22,1515803585,0.020821889999999,0
2582.23,1515803585,0.032597109999999,0
2582.26,1515803603,0.403,0
2589.15,1515803696,0.77075488,0
2578.94,1515803817,0.1,1
2577.18,1515803820,0.023599999999999,1
2577.17,1515803822,0.07639999999999901,1
2576.35,1515803890,0.19203999999999902,1
2576.35,1515803896,0.1,1
2576.35,1515803900,0.1,1
2576.35,1515803902,0.1,1
2576.35,1515803904,0.1,1
2576.34,1515803907,0.1,1
2576.35,1515803912,0.1,1
2573.24,1515803992,0.1,1
2573.41,1515804082,0.02,1
2582.6,1515804085,0.12060899999999901,0
2582.35,1515804115,0.08,0
2582.45,1515804116,0.929,1
2588.3,1515804229,0.02,0
2588.5,1515804236,0.1,1
2588.49,1515804240,0.1,1
2588.49,1515804242,0.1,1
2588.49,1515804245,0.1,1
2588.49,1515804247,0.1,1
2588.49,1515804249,0.1,1
2588.49,1515804253,0.1,1
2588.49,1515804255,0.1,1
2588.49,1515804257,0.1,1
2588.49,1515804259,0.1,1
2588.49,1515804261,0.1,1
2588.49,1515804262,0.1,1
2588.49,1515804264,0.1,1
2588.49,1515804266,0.1,1
2588.49,1515804269,0.1,1
2588.49,1515804271,0.1,1
2588.49,1515804273,0.1,1
2588.49,1515804275,0.1,1
2588.49,1515804277,0.1,1
2588.49,1515804279,0.1,1
2588.49,1515804281,0.1,1
2588.49,1515804283,0.1,1
2588.49,1515804284,0.1,1
2588.49,1515804286,0.1,1
2588.49,1515804288,0.1,1
2588.49,1515804290,0.1,1
2588.49,1515804292,0.1,1
2588.49,1515804294,0.1,1
2588.49,1515804297,0.1,1
2588.49,1515804299,0.1,1
2588.49,1515804301,0.1,1
2588.49,1515804303,0.1,1
2588.49,1515804306,0.1,1
2588.49,1515804308,0.1,1
2588.49,1515804310,0.1,1
2588.49,1515804313,0.1,1
2588.49,1515804314,0.1,1
2588.49,1515804316,0.1,1
2588.49,1515804318,0.1,1
2588.49,1515804320,0.1,1
2588.49,1515804323,0.1,1
2588.49,1515804326,0.1,1
2589.34,1515804445,0.007,0
2605.47,1515804461,0.74739274,0
2605.46,1515804462,0.9999000000000001,0
2605.46,1515804488,0.05444546,0
2605.46,1515804488,0.05444546,0
2605.47,1515804488,0.05444546,0
2605.47,1515804488,0.05444546,0
2605.5,1515804488,0.051999999999999005,0
2606.0,1515804494,0.105,1
2606.0,1515804498,0.1,1
2606.0,1515804498,0.2117,1
2606.0,1515804499,0.1,1
2606.0,1515804503,0.09351816,1
2589.51,1515804505,0.00648184,1
2606.06,1515804608,0.00575582,0
2608.33,1515804608,0.008999999999999,0
2609.99,1515804608,0.010976029999999,0
2609.99,1515804608,0.010976029999999,0
2609.99,1515804608,0.010976029999999,0
2609.99,1515804609,0.010976029999999,0
2610.0,1515804609,2.5,0
2610.0,1515804609,0.44134005999999903,1
2606.05,1515804609,0.05865994000000001,1
2614.98,1515804619,0.00221273,0
2614.98,1515804619,0.00221273,0
2614.98,1515804622,0.00221273,0
2614.98,1515804622,0.00221273,0
2615.0,1515804622,0.01713754,0
2606.06,1515804624,0.1,1
2615.0,1515804628,20.0,0
2615.0,1515804630,0.08787,0
2614.98,1515804648,0.08189254,0
2614.98,1515804665,0.018107459999999003,0
2614.99,1515804665,0.023599999999999,0
2615.0,1515804666,1.65448354,0
2615.0,1515804670,0.6566876299999991,0
2615.0,1515804672,0.08905599999999901,0
2615.0,1515804673,0.081184,0
2615.0,1515804677,0.027061,0
2615.0,1515804678,0.08246399999999901,0
2615.0,1515804679,0.18122498,0
2615.0,1515804681,0.19406,0
2615.0,1515804682,0.38037226,0
2615.0,1515804683,0.18284495,0
2615.0,1515804683,0.0917782,0
2615.0,1515804685,1.23912,0
2615.0,1515804685,0.38035861999999904,0
2615.0,1515804686,0.38035861999999904,0
2615.0,1515804690,35.439198,0
2615.0,1515804691,0.10299999999999901,0
2615.0,1515804692,0.2635249,0
2615.0,1515804697,0.029999999999999003,0
2615.0,1515804699,3.169306,0
2615.0,1515804706,0.013644,0
2614.99,1515804708,0.1,1
2615.0,1515804710,0.951513,0
2614.99,1515804710,0.1,1
2615.0,1515804711,0.1,0
2614.99,1515804712,0.1,1
2614.99,1515804715,0.1,1
2614.99,1515804717,0.1,1
2615.0,1515804718,7.610088,0
2614.99,1515804719,0.1,1
2615.0,1515804719,0.139582,0
2615.0,1515804719,0.510881,0
2614.99,1515804721,0.1,1
2614.99,1515804723,0.1,1
2615.0,1515804723,4.180141489999999,0
2614.99,1515804724,0.9995,1
2614.99,1515804724,0.1,1
2614.99,1515804726,0.1,1
2615.0,1515804727,0.22495799999999902,0
2614.99,1515804728,0.1,1
2615.0,1515804728,0.215,0
2614.99,1515804731,0.1,1
2615.0,1515804732,0.7629249999999991,0
2615.0,1515804733,3.564074999999999,0
2614.99,1515804734,0.1,1
2614.99,1515804735,0.1,1
2614.99,1515804737,0.1,1
2614.99,1515804739,0.1,1
2614.99,1515804740,0.1,1
2614.99,1515804742,0.1,1
2614.99,1515804744,0.1,1
2614.99,1515804747,0.1,1
2614.99,1515804748,0.1,1
2614.99,1515804750,0.1,1
2614.99,1515804752,0.1,1
2614.99,1515804754,0.1,1
2614.99,1515804757,0.046899999999999005,1
2613.1,1515804759,0.0531,0
2613.1,1515804762,0.1,1
2613.1,1515804765,0.1,1
2613.1,1515804767,0.1,1
2613.1,1515804769,0.1,1
2611.86,1515804772,0.1,1
2605.57,1515804774,0.1,1
2605.58,1515804776,0.1,1
2605.59,1515804778,0.1,0
2606.95,1515804845,0.1,0
2614.97,1515804845,0.10687705,0
2614.99,1515804845,1.73388776,0
2606.96,1515804853,0.013580999999999002,0
2606.96,1515804869,0.8973039999999991,0
2606.96,1515804876,0.06611499999999901,0
2606.96,1515804876,0.911,0
2606.96,1515804876,0.92,0
2606.96,1515804877,0.9419999999999991,0
2614.99,1515804877,0.007,0
2615.0,1515804877,7.153884999999999,0
2605.98,1515804927,0.38053194,0
2605.98,1515804927,1.0,0
2605.98,1515804927,0.534024,0
2605.98,1515804933,2.85856806,0
2605.98,1515804934,0.14143194,1
2605.98,1515804934,0.8355680599999991,0
2605.99,1515804934,0.73621515,1
2605.98,1515804935,0.1,0
2606.59,1515805015,0.1,0
2606.6,1515805015,0.858194,0
2606.58,1515805017,0.013607999999999999,0
2604.62,1515805019,0.24571721999999901,0
2603.58,1515805024,1.0,0
2600.91,1515805032,1.74496,0
2600.9,1515805039,3.0,0
2600.9,1515805039,0.0872,0
2600.9,1515805039,0.91,0
2600.9,1515805039,0.9769999999999991,0
2600.9,1515805040,0.0258,0
2600.9,1515805041,0.05720000000000001,0
2600.9,1515805042,0.9419999999999991,0
2601.75,1515805107,1.110274999999999,0
2601.38,1515805111,0.46485319,1
2601.38,1515805111,0.4648514,0
2601.38,1515805117,0.15265111,0
2601.38,1515805119,0.02489194,0
2601.38,1515805121,0.58256648,0
2599.06,1515805123,0.85235899,0
2599.06,1515805123,0.48305904999999905,0
2598.88,1515805125,0.00575582,1
2597.4,1515805125,0.4036807,0
2597.39,1515805125,0.40368226,0
2597.38,1515805125,0.18688121999999902,1
2599.51,1515805128,2.771426149999999,0
2599.51,1515805128,0.31587385,0
2598.87,1515805237,0.908,0
2598.87,1515805237,0.919,0
2598.87,1515805237,0.9409999999999991,0
2598.88,1515805237,0.232,0
2598.87,1515805246,0.6996846599999991,0
2598.88,1515805246,2.30031534,0
2598.88,1515805255,0.049605999999999005,0
2598.88,1515805262,0.18951464,0
2598.88,1515805262,0.24099999999999902,0
2595.37,1515805312,1.06101182,1
2600.0,1515805318,0.10355177,0
2599.98,1515805322,0.1038,0
2599.98,1515805323,0.001962,0
2600.0,1515805356,0.55384615,0
2600.0,1515805413,0.00805426,0
2599.83,1515805493,0.016223,0
2599.83,1515805493,2.230599999999999,0
2596.83,1515805494,2.494654,0
2597.92,1515805576,0.37969999999999904,0
2593.84,1515805593,0.007,1
2593.85,1515805603,0.9409999999999991,0
2595.19,1515805604,0.58131153,0
2595.37,1515805618,0.426906,0
2594.18,1515805640,0.05,0
2595.39,1515805678,0.08680599999999901,0
2595.37,1515805680,0.167847,0
2595.45,1515805687,0.32264143,0
2595.47,1515805687,1.56435857,0
2595.45,1515805688,0.01,0
2595.45,1515805694,0.908,0
2595.45,1515805694,0.908,0
2595.45,1515805694,0.9769999999999991,0
2584.63,1515805829,0.023599999999999,1
2584.63,1515805829,0.8292155199999991,1
2584.63,1515805829,0.1,1
2584.63,1515805829,1.05,1
2584.63,1515805829,0.39718448,0
2584.58,1515805915,0.02,1
2599.09,1515805979,0.1,0
2599.09,1515805979,0.094,0
2599.09,1515805979,0.42699999999999905,0
2599.1,1515805979,0.386,0
2599.1,1515805979,0.011147209999999,0
2590.05,1515806212,0.1,1
2590.11,1515806217,0.1,1
2600.16,1515806231,0.023599999999999,0
2600.16,1515806231,0.08182,0
2600.1,1515806468,0.030439999999999003,0
2600.1,1515806494,0.88556,0
2600.1,1515806494,0.129,0
2600.1,1515806494,0.896,0
2600.1,1515806494,0.907,0
2594.03,1515806497,0.1,0
2594.05,1515806499,0.1,1
2594.07,1515806501,0.1,1
2603.28,1515806625,0.44991973,0
2603.29,1515806625,0.44991973,0
2603.29,1515806626,0.30004858,0
2603.3,1515806626,0.44991973,0
2603.31,1515806626,0.44991973,0
2603.53,1515806626,1.7888457,0
2603.53,1515806626,0.09623624999999901,0
2603.53,1515806626,0.16287863999999902,0
2603.53,1515806627,0.11625761,0
2603.29,1515806639,0.1,1
2588.02,1515806643,0.1,0
2603.53,1515806651,0.12767324999999902,0
2590.62,1515806918,0.1,1
2603.53,1515807002,1.708108549999999,0
2603.53,1515807002,0.915,0
2603.53,1515807002,0.8289999999999991,0
2603.69,1515807002,0.00576106,0
2605.01,1515807008,0.1,1
2605.01,1515807011,0.0235,1
2605.01,1515807011,0.076499999999999,1
2605.05,1515807013,0.1,1
2605.01,1515807016,0.1,1
2605.01,1515807018,0.1,1
2605.01,1515807020,0.1,1
2605.02,1515807022,0.1,1
2605.01,1515807024,0.1,1
2605.01,1515807026,0.1,1
2605.0,1515807027,0.1,1
2605.0,1515807029,0.1,1
2605.0,1515807040,0.1,1
2605.0,1515807042,0.1,1
2605.0,1515807049,1.421875999999999,1
2605.0,1515807052,0.436176,1
2605.0,1515807053,3.887824,1
2605.0,1515807058,0.396254,1
2605.0,1515807072,3.8999999999999997e-07,1
2597.42,1515807074,0.00576106,1
2592.01,1515807074,0.09423855,1
2604.97,1515807170,0.017219,0
2604.81,1515807237,0.12947254999999902,0
2604.81,1515807237,0.02,0
2604.82,1515807237,4.499999999999999e-07,0
2604.82,1515807237,0.1294721,0
2604.83,1515807237,0.12947254999999902,0
2604.8,1515807238,0.070866999999999,0
2604.63,1515807258,0.062781,0
2604.74,1515807258,0.03779897,0
2604.75,1515807259,2.999999999999999e-08,0
2598.87,1515807577,0.00636953,1
2598.96,1515807588,0.1,1
2590.8,1515807837,0.1,0
2588.53,1515808044,0.1,1
2588.53,1515808046,0.1,1
2588.53,1515808049,0.1,1
2588.53,1515808051,0.1,1
2588.53,1515808053,0.1,1
2588.53,1515808055,0.1,1
2588.53,1515808057,0.1,1
2588.53,1515808059,0.1,1
2591.55,1515808081,0.1,1
2592.51,1515808083,0.1,1
2592.53,1515808085,0.1,1
2592.53,1515808088,0.1,1
2592.52,1515808090,0.1,1
2592.52,1515808091,0.1,1
2592.52,1515808094,0.1,1
2592.52,1515808096,0.1,1
2592.52,1515808098,0.1,1
2593.35,1515808266,0.38230631999999903,1
2593.35,1515808267,0.38230634,1
2589.35,1515808269,1.012,1
2587.35,1515808269,0.6917899199999991,1
2589.36,1515808270,0.42356463999999905,1
2586.88,1515808316,0.01,1
2586.88,1515808316,1.05,1
2584.88,1515808318,0.91,1
2583.42,1515808412,1.23751059,1
2585.0,1515808482,1.0,1
2584.99,1515808497,0.0235,0
2584.99,1515808497,0.065,0
2584.99,1515808497,0.08599999999999901,0
2584.99,1515808497,0.24221876,0
2584.99,1515808497,0.00478124,0
2584.99,1515808497,0.029999999999999003,0
2585.0,1515808503,0.26521899999999904,0
2585.0,1515808520,0.08439599999999901,0
2585.0,1515808523,0.503059,0
2585.0,1515808530,0.169916,0
2585.0,1515808550,0.025,0
2585.0,1515808572,0.025,0
2585.0,1515808613,0.022601489999999003,0
2585.0,1515808643,0.0287,0
2585.0,1515808657,0.21663441999999902,0
2581.66,1515808689,2.506819999999999,1
2581.65,1515808690,0.004,1
2579.67,1515808690,4.61,1
2579.66,1515808690,1.064,1
2576.62,1515808690,2.0,1
2576.6,1515808690,2.0,1
2575.0,1515808691,0.005,0
2575.0,1515808691,3.436999999999999,0
2575.0,1515808692,0.01895726,0
2575.0,1515808693,6.804676999999999,0
2575.0,1515808694,1.6794,0
2575.0,1515808694,2.170704,0
2575.0,1515808694,3.69944174,0
2584.99,1515808695,2.6e-07,0
2584.99,1515808696,1.49946463,0
2585.0,1515808696,9.42284337,0
2584.99,1515808697,0.1,0
2585.0,1515808697,3.599441,0
2584.98,1515808734,0.03025421,0
2584.98,1515808734,0.03025421,0
2584.99,1515808734,0.03025421,0
2584.99,1515808734,0.03025421,0
2585.0,1515808734,0.37898315999999904,0
2584.99,1515808752,0.00609915,0
2584.99,1515808752,0.00609915,0
2584.99,1515808752,0.00609915,0
2584.99,1515808754,0.00609915,0
2584.99,1515808754,0.00609915,0
2585.0,1515808754,0.47412270000000006,0
2585.0,1515808919,0.5,0
2585.0,1515809047,0.002650029999999,0
2583.61,1515809083,3.0,1
2583.61,1515809087,0.6458,1
2584.82,1515809093,0.037230399999999005,0
2584.74,1515809185,0.002899999999999,0
2585.0,1515809238,1.385551,0
2585.0,1515809238,0.371373,0
2585.0,1515809254,0.5839849999999991,0
2585.0,1515809393,0.9405248299999991,0
2585.0,1515809393,0.65964999,0
2590.0,1515809393,2.0,0
2594.95,1515809393,2.0,0
2595.0,1515809394,6.29982518,1
2592.01,1515809443,0.482798,1
2591.96,1515809462,0.15252399999999902,1
2591.96,1515809462,0.5180559,1
2591.95,1515809463,0.9819440999999991,1
2591.95,1515809463,0.2,1
2591.96,1515809465,0.6705799,1
2591.95,1515809465,0.29998609999999903,0
2591.97,1515809465,0.15252399999999902,1
2595.01,1515809528,0.004,0
2595.07,1515809528,0.45439699,0
2595.07,1515809528,0.45439699,0
2595.08,1515809528,0.08720601999999901,0
2595.06,1515809530,0.25559459,0
2595.07,1515809530,0.45439699,0
2595.08,1515809531,0.29000841999999905,0
2595.07,1515809534,0.25559459,0
2595.07,1515809534,0.1138797,0
2595.08,1515809534,0.63052571,0
2583.0,1515809852,1.0,1
2583.0,1515809852,1.05,0
2582.99,1515809854,0.1,0
2582.74,1515809905,0.155536,0
2582.74,1515809906,4e-08,0
2582.75,1515809906,0.10338996,0
2582.75,1515809906,0.052146079999999005,0
2582.76,1515809906,0.082022919999999,0
2582.72,1515809908,0.098887,0
2589.62,1515810007,0.057336039999999006,0
2589.62,1515810007,0.057336039999999006,1
2589.63,1515810008,0.042664019999999005,1
2585.5,1515810019,0.1,0
2585.51,1515810027,0.142627,0
2585.51,1515810204,1.6e-07,0
2594.4,1515810205,0.25591399999999903,1
2594.4,1515810205,0.24408584,1
2595.5,1515810250,0.7688692,0
2590.01,1515810266,0.047615999999999006,1
2590.01,1515810267,0.052384,1
2590.0,1515810267,0.24330299999999902,1
2590.0,1515810267,0.219697,1
2591.48,1515810408,0.07937099999999901,1
2591.48,1515810412,0.00493,1
2591.48,1515810417,0.30525999999999903,1
2592.49,1515810448,1.1048,1
2591.48,1515810450,0.9422966999999991,1
2582.3,1515810450,0.23133411,1
2579.97,1515810450,0.00581403,1
2576.49,1515810450,0.005,1
2576.46,1515810450,0.05399999999999901,1
2572.1,1515810451,0.1,1
2572.1,1515810451,0.1,1
2570.0,1515810451,0.18520637,0
2570.0,1515810451,0.18520207999999902,0
2570.0,1515810451,0.08634670999999901,0
2586.59,1515810496,0.0344474,0
2586.6,1515810496,0.0344474,0
2586.6,1515810496,0.0344474,0
2586.6,1515810496,0.0344474,0
2586.6,1515810496,0.0344474,0
2586.61,1515810497,0.1,0
2586.62,1515810497,0.00581403,0
2595.54,1515810505,0.34649999999999903,0
2588.79,1515810532,1.49586788,1
2588.78,1515810532,0.17401812,1
2595.52,1515810611,0.222,0
2595.52,1515810622,1.273979999999999,0
2595.54,1515810622,0.8064665199999991,0
2598.0,1515810622,0.5,0
2598.0,1515810623,0.49999325,1
2598.0,1515810623,0.5,1
2590.1,1515810924,0.078333,1
2586.06,1515810967,0.229549,0
2586.06,1515810984,1.27158108,1
2586.05,1515810984,0.023599999999999,1
2586.03,1515810985,0.28311892,1
2586.03,1515811022,0.081315999999999,1
2586.03,1515811023,0.679247,1
2593.74,1515811392,0.078333,0
2593.74,1515811392,0.023599999999999,0
2593.74,1515811392,0.08899999999999901,0
2596.0,1515811462,0.875,1
2596.0,1515811463,0.14106299999999902,1
2596.0,1515811464,0.166364,1
2596.0,1515811464,0.28,1
2596.0,1515811465,0.45863599999999904,1
2596.0,1515811465,0.13636205,1
2597.29,1515811622,0.9485949999999991,0
2597.43,1515811623,0.55289648,0
2597.45,1515811623,0.005,0
2597.46,1515811624,0.24358352,0
2583.58,1515811662,0.5030381099999991,1
2583.58,1515811662,1.508291089999999,1
2583.57,1515811662,0.0027447999999990003,1
2597.45,1515811705,0.9610999999999991,0
2597.45,1515811706,0.22792799999999902,0
2597.45,1515811706,0.014441,0
2597.45,1515811778,0.30293399999999904,0
2591.89,1515811869,1.093531,1
2591.89,1515811870,0.1,1
2591.88,1515811870,2.0,1
2588.5,1515811871,0.58362102,1
2588.25,1515811871,0.023599999999999,1
2586.77,1515811871,0.40232774999999904,1
2586.95,1515811893,0.44109999999999905,1
2587.08,1515812128,0.01904555,1
2595.98,1515812200,0.023599999999999,0
2595.98,1515812200,0.55282971,0
2595.98,1515812210,0.013170289999999,0
2595.99,1515812210,0.1,0
2596.0,1515812210,0.17385571,0
2595.72,1515812312,0.09634199999999901,0
2595.39,1515812353,0.18906734,0
2595.39,1515812353,1.41541436,0
2595.4,1515812353,0.18906734,0
2596.0,1515812353,0.32614429,0
2596.0,1515812353,3.526322669999999,0
2595.89,1515812368,0.06993399999999901,0
2595.97,1515812398,0.09963247999999901,0
2595.98,1515812398,0.03648752,0
2594.99,1515812419,0.07246281999999901,0
2594.99,1515812420,0.06436118,0
2594.98,1515812424,0.022138999999999003,0
2594.99,1515812434,0.04073368,0
2594.99,1515812435,0.04073368,0
2594.99,1515812435,0.04073368,0
2594.99,1515812435,0.04073368,0
2594.99,1515812435,0.040733279999999004,0
2595.0,1515812448,0.050683739999999006,0
2595.0,1515812481,9.254343,0
2595.0,1515812617,0.04830057,0
2595.0,1515812639,0.04530171,0
2595.0,1515812732,0.031518299999999,0
2595.0,1515812753,0.01731792,0
2593.0,1515812896,1.0859,0
2588.27,1515812967,0.023599999999999,1
2588.26,1515812967,1.47903106,1
2587.7,1515812967,0.1,1
2587.4,1515812969,1.51539326,1
2587.39,1515812969,0.34397474,1
2587.39,1515812997,0.28449799999999903,1
2587.39,1515813046,1.371527259999999,1
2587.39,1515813046,0.005,1
2576.64,1515813177,0.20724508999999902,1
2576.64,1515813177,0.04275491,1
2576.67,1515813179,0.035,1
2577.16,1515813338,0.25570189999999904,1
2577.15,1515813339,0.25570289,1
2577.14,1515813339,0.12859520999999902,1
2577.17,1515813339,0.25570091,1
2577.13,1515813340,0.2131643,0
2577.09,1515813341,0.21317174999999902,1
2577.08,1515813341,0.09124424999999901,1
2577.09,1515813344,0.18200909,1
2577.08,1515813344,0.37193990999999904,1
2576.57,1515813346,0.004,1
2575.09,1515813346,0.188609,1
2573.81,1515813375,0.00582794,1
2573.81,1515813375,0.00582794,1
2573.81,1515813375,0.007,1
2572.57,1515813375,0.052999999999999006,1
2571.34,1515813375,2.0,1
2570.0,1515813375,0.48096000000000005,1
2570.0,1515813379,0.38100392,0
2569.81,1515813380,1.018,1
2567.81,1515813380,0.70594,1
2568.0,1515813477,0.1,1
2568.0,1515813496,0.9,1
2566.01,1515813498,1.22034061,0
2568.99,1515813521,0.023599999999999,0
2569.0,1515813521,0.5,0
2569.0,1515813523,0.915,1
2569.0,1515813523,0.924,1
2566.01,1515813621,0.023699999999999003,1
2566.0,1515813621,0.48614226999999904,1
2565.01,1515813621,2.0,1
2565.0,1515813621,5.0,1
2564.93,1515813621,0.5,1
2564.93,1515813621,0.008,1
2562.01,1515813621,1.018999999999999,1
2561.18,1515813622,2.0,1
2560.01,1515813622,1.014,1
2560.0,1515813622,1.056999999999999,0
2560.0,1515813622,1.026,0
2566.0,1515813621,0.46961672999999904,1
2560.0,1515813623,0.7563959999999991,0
2560.0,1515813623,0.09925599999999901,0
2560.0,1515813630,3.0,0
2560.0,1515813633,4.0,0
2560.0,1515813640,3.0,0
2559.99,1515813647,0.023699999999999003,0
2560.0,1515813647,0.06385699999999901,0
2560.0,1515813674,1.662955,0
2555.93,1515813676,0.4,1
2560.0,1515813676,2.997231999999999,0
2560.0,1515813709,0.091658,0
2560.0,1515813778,1.569690999999999,0
2560.0,1515813782,1.088138,0
2560.0,1515813784,0.5703019999999991,0
2560.0,1515813785,1.372425,0
2560.0,1515813808,0.5,0
2560.0,1515813847,3.0,0
2560.0,1515813898,1.364696469999999,0
2560.0,1515813898,0.652,0
2580.1,1515813898,0.00582794,0
2580.1,1515813898,0.00582794,0
2584.41,1515813898,2.0,0
2584.42,1515813898,2.0,0
2584.86,1515813899,2.0,0
2584.87,1515813899,0.07164764999999901,0
2573.04,1515813969,0.09823099999999901,1
2573.04,1515813969,0.08,1
2573.04,1515813986,1.0203,1
2573.04,1515813993,0.46559299999999904,1
2573.04,1515813996,1.0,1
2573.04,1515813999,0.314176,1
2570.01,1515814000,0.023699999999999003,1
2570.0,1515814000,0.876124,1
2573.02,1515814008,0.6561,1
2573.02,1515814021,0.7642999999999991,1
2570.0,1515814048,3.0,1
2573.03,1515814048,0.19,0
2573.03,1515814049,0.9231414599999991,1
2573.03,1515814050,0.543579,1
2573.03,1515814051,0.31327954,1
2570.0,1515814052,0.60910646,1
2570.0,1515814082,0.5147695399999991,1
2574.58,1515814148,0.02,0
2574.59,1515814150,0.9205999999999991,0
2566.05,1515814212,0.005845569999999,1
2566.05,1515814212,0.005845569999999,1
2566.05,1515814212,0.005845569999999,1
2564.05,1515814212,1.03,1
2562.05,1515814250,0.012770000000000002,1
2564.0,1515814263,0.01373482,0
2572.42,1515814272,0.103377,1
2574.63,1515814339,0.08,0
2574.63,1515814341,0.023699999999999003,1
2574.74,1515814341,0.005845569999999,0
2574.74,1515814341,0.005845569999999,0
2574.74,1515814341,0.005845569999999,0
2579.52,1515814341,0.261663289999999,0
2576.48,1515815066,0.023699999999999003,1
2576.47,1515815067,0.0263,1
2586.46,1515815069,0.023699999999999003,0
2586.47,1515815069,1.28009767,0
2586.49,1515815069,2.0,0
2590.0,1515815069,0.022601489999999003,0
2590.0,1515815069,0.005,0
2590.0,1515815070,0.48650400999999904,1
2590.0,1515815070,1.75,1
2590.0,1515815070,0.044999999999999006,1
2590.0,1515815070,0.912,1
2590.0,1515815070,0.9829999999999991,1
2590.0,1515815071,1.630825,1
2590.0,1515815072,0.6757769999999991,1
2590.0,1515815072,0.5436149999999991,1
2590.0,1515815072,0.245986,1
2590.0,1515815074,0.08421399999999901,1
2590.0,1515815074,0.7617244199999991,1
2590.0,1515815075,8.651501,1
2590.0,1515815075,0.089621,1
2590.0,1515815075,2.17387778,1
2590.0,1515815075,0.656579,1
2590.0,1515815075,2.164439999999999,1
2590.0,1515815080,0.153,1
2590.0,1515815081,0.38079669999999904,1
2590.0,1515815082,0.17288899999999902,1
2590.0,1515815084,0.079722,1
2590.0,1515815084,0.038029069999999006,1
2590.0,1515815084,2.457564,1
2590.0,1515815085,0.10327799999999901,1
2590.0,1515815086,0.079722,1
2590.0,1515815086,0.9886110000000001,1
2590.0,1515815087,0.079721,1
2589.67,1515815167,0.05,0
2590.42,1515815292,0.31506691999999903,0
2590.43,1515815292,0.31506691999999903,0
2590.43,1515815292,0.92,1
2590.43,1515815292,0.31506691999999903,1
2588.93,1515815301,1.0,1
2588.93,1515815318,0.28,1
2588.93,1515815453,1.802899999999999,1
2584.47,1515815482,0.178004,1
2584.47,1515815482,0.12788725,1
2584.46,1515815482,0.30589243999999904,1
2587.1,1515815483,0.178004,1
2587.1,1515815483,1.208990999999999,1
2590.55,1515815652,0.007,0
2590.57,1515815654,0.02158598,0
2590.57,1515815906,0.47841400000000006,0
2590.57,1515815906,2e-08,0
2595.0,1515815906,0.09264368,0
2595.0,1515815986,0.0637,0
2595.0,1515816121,0.39619107999999903,0
2596.0,1515816122,1.7453633,0
2596.0,1515816122,0.79237007,0
2600.05,1515816123,0.64472315,0
2600.05,1515816123,0.5894874599999991,0
2595.0,1515816198,0.39619107999999903,1
2595.0,1515816198,0.39599308,1
2595.0,1515816199,2.5377333699999998,1
2600.04,1515816230,0.012999999999999,0
2590.14,1515816580,0.5901997599999991,0
2590.14,1515816611,1.40980024,0
2590.14,1515816612,0.5901997599999991,0
2590.26,1515817167,0.29321162,1
2590.25,1515817167,0.29321276,1
2590.24,1515817168,0.29321388999999903,1
2590.23,1515817168,0.29321501999999905,1
2590.22,1515817168,0.29321615,1
2590.01,1515817199,0.023599999999999,1
2590.0,1515817199,2.976399999999999,1
2590.0,1515817204,6.572411999999999,1
2590.0,1515817204,0.37290699999999904,1
2590.0,1515817204,0.078281,1
2585.01,1515817286,0.1,1
2585.0,1515817286,1.899999999999999,1
2585.0,1515817470,1.395,1
2585.0,1515817470,1.0,1
2585.0,1515817470,4.191257,1
2585.0,1515817470,0.7471299999999991,1
2585.0,1515817470,0.7666129999999991,1
2579.64,1515817471,0.48625699999999905,1
2579.64,1515817471,1.513743,1
2579.06,1515817608,0.19286,1
2583.77,1515817853,0.19340361,0
2583.78,1515817853,0.023599999999999,0
2585.0,1515817955,1.961637,1
2585.0,1515817960,0.195,1
2585.0,1515817962,1.248923999999999,1
2585.0,1515817963,0.19499983,1
2583.81,1515817984,0.02,1
2583.81,1515817997,0.198015,1
2583.81,1515818008,1.24567593,1
2583.81,1515818009,0.32007409999999903,1
2583.81,1515818010,0.038440589999999004,1
2574.26,1515818010,0.31825204,1
2583.82,1515818025,0.01,1
2574.25,1515818300,1.9982218,1
2574.25,1515818724,0.0017782,1
2568.26,1515818724,0.0482218,1
2574.25,1515818896,0.028799999999999003,0
2574.25,1515818924,0.030099999999999003,0
2574.25,1515818924,0.052122719999999005,0
2574.25,1515818927,0.05,0
2574.25,1515818936,0.0049899999999990004,0
2574.23,1515819021,0.1,0
2579.26,1515819120,0.05,1
2581.0,1515819346,1.0,1
2575.56,1515819519,0.023699999999999003,1
2575.4,1515819520,0.851925,1
2575.41,1515819520,0.20362879,1
2575.4,1515819521,0.10295221,1
2575.39,1515819522,0.16225,1
2575.39,1515819523,1.040705999999999,1
2575.39,1515819532,0.056063,1
2575.39,1515819577,0.740981,1
2584.05,1515819723,0.001974,0
2584.01,1515819727,0.0054149999999990005,0
2579.81,1515820197,0.034299999999999005,0
2578.72,1515820306,0.14499999999999902,0
2577.73,1515820431,0.05,0
2577.73,1515820431,0.917,0
2577.73,1515820431,0.91,0
2577.73,1515820431,0.023699999999999003,0
2577.73,1515820431,0.09929999999999901,0
2577.73,1515820440,0.8857,0
2577.73,1515820440,0.23899999999999902,0
2581.71,1515820470,0.03844219,0
2581.71,1515820472,0.0384422,0
2581.0,1515820641,0.67,1
2576.26,1515820643,0.17937803999999902,1
2576.25,1515820643,0.15062196,1
2583.99,1515820699,0.5,0
2574.9,1515820926,0.1,1
2574.9,1515820926,0.49019975999999904,0
2572.35,1515821110,0.01137688,1
2572.35,1515821110,0.9186231200000001,0
2582.48,1515821135,0.1,0
2582.49,1515821135,0.279417,0
2583.99,1515821378,1.015601999999999,0
2583.99,1515821378,0.5074151799999991,0
2584.0,1515821386,0.27941655999999904,0
2584.0,1515821386,0.937,0
2584.0,1515821386,0.125,0
2584.0,1515821386,4.4e-07,0
2584.0,1515821387,0.63599956,0
2584.04,1515821391,0.1,1
2584.04,1515821392,0.41999999999999904,0
2589.52,1515821512,0.1,0
2595.22,1515821514,2.0,0
2602.07,1515821514,0.056,0
2602.99,1515821514,0.43584300999999903,0
2603.0,1515821514,0.008156989999999,0
2596.18,1515821544,1.01983684,0
2596.18,1515821545,0.584982549999999,0
2595.63,1515821655,0.52775432,0
2595.64,1515821655,0.41483242999999903,0
2594.8,1515821994,0.037230399999999005,0
2600.74,1515821996,0.96126871,1
2592.38,1515822079,1.51656393,1
2592.38,1515822080,6.1599999999999995e-06,1
2592.37,1515822080,1.69003072,1
2592.37,1515822080,0.30996928,1
2592.37,1515822080,1.51,0
2592.37,1515822081,0.023599999999999,0
2592.37,1515822082,0.15642686,0
2592.37,1515822084,0.09257936999999901,1
2592.35,1515822084,0.09332063999999901,1
2599.58,1515822699,1.51657331,0
2599.6,1515822699,0.48342668999999905,0
2599.6,1515822699,0.41757330999999903,0
2599.61,1515822699,1.504315,0
2599.61,1515822699,0.381685,0
2599.61,1515822700,0.04,0
2599.61,1515822700,0.07399999999999901,0
2599.61,1515822700,0.332425,0
2599.6,1515822701,0.023599999999999,1
2599.6,1515822701,0.33961324999999903,1
2600.52,1515822723,0.7634659999999991,0
2600.52,1515822729,0.213534,0
2600.52,1515822729,0.909,0
2600.52,1515822729,0.519,0
2602.5,1515822730,0.8780679999999991,0
2602.43,1515822741,0.209237,0
2602.43,1515822743,0.06258917999999901,0
2602.44,1515822743,0.26970282,0
2602.44,1515822743,0.0021233599999990003,0
2602.45,1515822744,0.19321964,0
2602.45,1515822750,0.12474594,0
2602.46,1515822751,6e-08,0
2602.46,1515822754,0.12474588,0
2602.49,1515822754,0.12474594,0
2602.49,1515822754,0.09984653999999901,0
2602.5,1515822754,0.10769952,0
2602.49,1515822754,0.09984653999999901,1
2602.5,1515822756,0.124746,0
2602.49,1515822766,0.010188869999999,0
2602.49,1515822766,0.010188869999999,0
2602.49,1515822767,0.010188869999999,0
2602.49,1515822767,0.010188869999999,0
2602.5,1515822767,0.07946852,0
2602.5,1515822776,0.020377929999999003,0
2606.33,1515822776,0.00205404,0
2606.33,1515822776,0.00205404,0
2606.33,1515822776,0.00205404,0
2606.33,1515822776,0.00205404,0
2606.33,1515822776,0.00205404,0
2606.34,1515822776,1.40163287,0
2606.34,1515822777,0.5983669999999991,0
2606.34,1515822784,1.3e-07,0
2608.64,1515822784,0.6435458699999991,0
2608.64,1515822791,0.887383,0
2608.64,1515822792,0.42560399999999904,0
2608.64,1515822794,0.749186,0
2608.64,1515822797,0.747869,0
2608.64,1515822797,0.88773,0
2608.64,1515822798,0.747869,0
2608.64,1515822798,0.89034,0
2608.64,1515822798,0.11586113,0
2608.64,1515822799,0.616141,0
2608.64,1515822800,1.252531,0
2608.64,1515822800,0.11578447,0
2608.64,1515822813,0.0389482,0
2608.64,1515822815,0.63665263,0
2609.33,1515822815,0.00302937,0
2609.33,1515822816,0.0714579,0
2609.33,1515822816,1.16352,0
2609.33,1515822816,0.8706629999999991,0
2609.33,1515822816,0.05934230000000001,0
2609.33,1515822854,2.5223,0
2609.33,1515822855,0.130691,0
2609.33,1515822913,2.11912,0
2609.33,1515822942,0.437869,0
2609.33,1515822953,0.253879,0
2609.33,1515822970,0.36812843,0
2609.33,1515823022,1.23957037,1
2610.21,1515823163,2.0,0
2610.21,1515823164,0.9242259999999991,0
2610.21,1515823164,0.050774,0
2610.21,1515823164,0.898,0
2610.21,1515823164,0.906,0
2610.21,1515823164,0.322834,0
2610.16,1515823578,0.6049999999999991,0
2610.16,1515823578,0.665,0
2610.22,1515823578,0.005675669999999001,0
2610.42,1515823579,0.08699999999999901,0
2610.99,1515823579,0.0873,0
2610.99,1515823579,7.092990999999999,0
2610.99,1515823607,0.16,0
2610.99,1515823633,0.6597089999999991,0
2602.25,1515823724,0.7728,1
2612.62,1515823842,0.7731718899999991,0
2612.64,1515823842,8.0,0
2615.0,1515823867,9.139257,0
2615.0,1515823869,0.137,0
2615.0,1515823870,0.36299999999999905,0
2615.0,1515823870,0.20296027,0
2616.48,1515823870,0.29703973,0
2616.48,1515823871,0.20296027,0
2618.0,1515823871,0.22796470999999902,0
2618.0,1515823872,0.004,0
2618.6,1515823872,0.1,0
2618.81,1515823872,0.26007301999999904,0
2618.0,1515823879,0.1986,0
2619.96,1515823879,0.01011159,0
2620.0,1515823879,0.07018841,0
2620.0,1515823894,0.18776334,0
2620.7,1515823894,6.599999999999999e-07,0
2620.7,1515823895,0.00529617,0
2620.9,1515823895,0.01,0
2623.0,1515823895,0.23192082999999902,0
2621.6,1515823915,0.075717119999999,0
2615.0,1515823968,0.25,1
2600.26,1515824105,0.0235,1
2600.26,1515824108,0.023199999999999003,0
2600.26,1515824109,1.3100000000000002e-05,0
2601.59,1515824205,0.00571712,1
2610.62,1515824586,0.009514979999999,0
2610.62,1515824620,0.166,0
2610.62,1515824621,0.01398502,0
2615.0,1515824622,0.29999999999999905,0
2619.6,1515824622,0.005726069999999001,0
2620.0,1515824622,0.039569,0
2622.94,1515824622,0.6809762999999991,1
2612.75,1515824824,0.1,1
2612.74,1515824824,0.0234,1
2612.7,1515824824,0.005726069999999001,1
2606.8,1515824824,0.8703739299999991,1
2622.84,1515825066,0.06360662,0
2622.84,1515825565,0.29881,1
2622.84,1515825574,3.0,1
2622.84,1515825594,2.313886779999999,1
2622.84,1515825595,1.000031399999999,1
2622.84,1515825598,0.79136549,1
2622.84,1515825624,0.34828543,1
2616.62,1515825641,0.0234,0
2616.63,1515825642,0.01954604,0
2616.63,1515825642,0.27056371,0
2616.64,1515825651,1.41227085,0
2616.64,1515825651,0.599206149999999,0
2616.64,1515825653,0.29579385,0
2616.64,1515825653,0.11892915,0
2616.64,1515825655,0.18496899999999902,0
2616.64,1515825669,0.10110000000000001,0
2616.64,1515825700,0.05,0
2616.64,1515825720,0.11800185,0
2616.64,1515825722,0.7029999999999991,0
2616.64,1515825722,0.21420679,0
2616.64,1515825734,0.42079299999999903,0
2616.64,1515825798,2.1e-07,0
2620.0,1515825799,0.12335496,0
2620.0,1515825869,0.126645,0
2620.0,1515825964,4e-08,0
2620.0,1515825964,0.24999995999999902,0
2619.0,1515826067,0.06554028,0
2619.0,1515826091,0.38277699999999903,0
2613.24,1515826106,0.28139632999999903,1
2613.24,1515826106,0.28139524999999904,0
2613.24,1515826107,0.162002,0
2613.23,1515826108,0.033145529999999,0
2620.0,1515826108,4e-08,0
2623.0,1515826108,1.670928959999999,0
2623.0,1515826133,1.09715,0
2623.0,1515826149,2.1e-07,0
2625.0,1515826269,0.500099999999999,0
2625.0,1515826269,0.008,0
2625.0,1515826269,0.25,0
2625.07,1515826269,0.247167,0
2625.07,1515826300,1.269999999999999e-06,0
2626.37,1515826302,0.00209938,0
2630.0,1515826302,0.5001999999999991,0
2630.0,1515826302,0.01,0
2630.0,1515826302,0.25,0
2631.0,1515826302,0.228,0
2634.92,1515826302,0.20816571,0
2634.91,1515826384,0.12821189999999902,0
2634.92,1515826384,0.12821189999999902,0
2635.0,1515826384,1.0,0
2635.0,1515826384,0.5002999999999991,0
2635.0,1515826384,0.2432762,0
2634.78,1515826417,0.37348091999999905,0
2614.85,1515826440,1.198466569999999,1
2634.86,1515826660,0.0770295,0
2634.86,1515826661,0.0770295,1
2634.87,1515826662,0.30299999999999905,0
2635.0,1515826662,0.0462792,1
2635.0,1515826662,0.0067238,0
2637.36,1515826662,0.32968385,0
2637.37,1515826662,0.16421662,1
2637.29,1515826680,0.037041839999999,0
2637.29,1515826680,0.27509109999999903,0
2637.33,1515826682,0.029648259999999003,1
2637.33,1515826682,0.27508693,1
2637.33,1515826682,0.5707904299999991,1
2637.18,1515826704,0.007579999999999001,0
2621.12,1515826806,0.001998,1
2621.61,1515826861,1.04825859,1
2621.61,1515826861,0.13939997,0
2619.58,1515826927,0.0233,1
2619.58,1515826929,0.393853,0
2619.58,1515826930,0.00053193,0
2622.24,1515826931,0.36996129999999905,1
2619.58,1515826931,0.5200386999999991,0
2625.17,1515826932,0.43059157999999903,1
2619.58,1515826933,0.18323548,1
2619.58,1515826933,0.12618599999999902,0
2630.47,1515827160,0.8014999999999991,0
2630.48,1515827161,0.146651,1
2637.92,1515827206,0.14665114,0
2637.92,1515827206,0.0233,0
2637.92,1515827208,0.14665114,1
2637.93,1515827208,0.18442301,0
2638.04,1515827208,0.050999999999999004,0
2638.23,1515827208,0.03020751,0
2640.0,1515827208,0.44500000000000006,1
2640.0,1515827209,0.8870000000000001,1
2640.0,1515827209,0.5002999999999991,0
2640.0,1515827209,0.25,0
2640.9,1515827209,0.01,0
2642.59,1515827209,0.18427911,1
2642.59,1515827209,0.08810777999999901,1
2642.59,1515827209,2.0,0
2642.65,1515827210,0.5,0
2644.0,1515827210,0.18447690999999902,1
2644.0,1515827210,1.0,0
2644.99,1515827210,2.0,1
2644.99,1515827210,4.58821714,0
2644.99,1515827211,1.0,0
2645.0,1515827211,0.5003999999999991,0
2645.0,1515827211,0.25,0
2645.16,1515827211,1.12946316,1
2645.16,1515827211,0.14419604999999902,1
2645.16,1515827211,2.6398583,0
2642.43,1515827233,1.00345137,0
2642.0,1515827385,0.37068783999999905,1
2642.53,1515827398,0.01197802,0
2642.53,1515827398,0.01197802,0
2642.58,1515827399,0.1,1
2642.58,1515827403,0.007196379999999,1
2642.58,1515827404,0.005759979999999,1
2642.58,1515827405,0.005759979999999,1
2642.58,1515827406,0.005759979999999,1
2642.58,1515827407,0.00346058,1
2642.58,1515827408,0.00346058,1
2642.58,1515827428,0.031646479999999005,1
2641.99,1515827469,0.47876552999999905,0
2641.99,1515827469,0.9689999999999991,0
2641.99,1515827469,0.014999999999999002,0
2642.0,1515827469,0.05,0
2642.53,1515827539,0.026164,1
2642.53,1515827539,0.0263816,1
2642.53,1515827540,0.101082,1
2642.53,1515827540,0.46422099999999905,1
2642.53,1515827544,0.87682601,1
2642.59,1515827622,0.02667481,0
2644.99,1515827682,0.012,0
2645.15,1515827684,0.18429767999999902,0
2645.16,1515827684,0.80611758,0
2645.16,1515827711,2.7,0
2643.22,1515827752,0.003213419999999,0
2643.0,1515827791,0.05,0
2643.22,1515827791,0.00678658,0
2645.16,1515827791,1.68601742,0
